feature_1,feature_2,feature_3,target
0.4967141530112327,-0.13826430117118466,0.6476885381006925,-0.5836781604298665
1.5230298564080254,-0.23415337472333597,-0.23413695694918055,2.6087665229918637
1.5792128155073915,0.7674347291529088,-0.4694743859349521,6.123580844033773
0.5425600435859647,-0.46341769281246226,-0.46572975357025687,0.5822304048239468
0.24196227156603412,-1.913280244657798,-1.7249178325130328,-2.6128841296183998
-0.5622875292409727,-1.0128311203344238,0.3142473325952739,-4.767987575288117
-0.9080240755212109,-1.4123037013352915,1.465648768921554,-8.202828779488863
-0.22577630048653566,0.06752820468792384,-1.4247481862134568,1.733423893517049
-0.5443827245251827,0.11092258970986608,-1.1509935774223028,1.0787617916013945
0.37569801834567196,-0.600638689918805,-0.2916937497932768,-0.6600918735569438
-0.6017066122293969,1.8522781845089378,-0.013497224737933921,4.364303547301003
-1.0577109289559004,0.822544912103189,-1.2208436499710222,2.3160580181085186
0.2088635950047554,-1.9596701238797756,-1.3281860488984305,-3.597720465140595
0.19686123586912352,0.7384665799954104,0.1713682811899705,2.212357971428223
-0.11564828238824053,-0.3011036955892888,-1.4785219903674274,1.024815401372193
-0.7198442083947086,-0.4606387709597875,1.0571222262189157,-4.3034501838952215
0.3436182895684614,-1.763040155362734,0.324083969394795,-5.239944448591155
-0.38508228041631654,-0.6769220003059587,0.6116762888408679,-4.001660554822868
1.030999522495951,0.9312801191161986,-0.8392175232226385,6.069549801333555
-0.3092123758512146,0.33126343140356396,0.9755451271223592,-1.032778068184184
-0.47917423784528995,-0.18565897666381712,-1.1063349740060282,0.2642032303008939
-1.1962066240806708,0.812525822394198,1.356240028570823,-2.035511960043522
-0.07201012158033385,1.0035328978920242,0.36163602504763415,2.2829817522323532
-0.6451197546051243,0.36139560550841393,1.5380365664659692,-2.397717468958386
-0.03582603910995154,1.5646436558140062,-2.6197451040897444,8.364922375387192
0.8219025043752238,0.08704706823817122,-0.29900735046586746,2.3146051616454613
0.0917607765355023,-1.9875689146008928,-0.21967188783751193,-5.430634969982901
0.3571125715117464,1.477894044741516,-0.5182702182736474,5.970234476787015
-0.8084936028931876,-0.5017570435845365,0.9154021177020741,-4.546342182412184
0.32875110965968446,-0.5297602037670388,0.5132674331133561,-1.6982354404811975
0.09707754934804039,0.9686449905328892,-0.7020530938773524,3.9043369757694784
-0.3276621465977682,-0.39210815313215763,-1.4635149481321186,0.2977988283727835
0.29612027706457605,0.26105527217988933,0.00511345664246089,1.4130870569605753
-0.23458713337514692,-1.4153707420504142,-0.42064532276535904,-4.182547912178966
-0.3427145165267695,-0.8022772692216189,-0.16128571166600914,-2.8444338510604226
0.4040508568145384,1.8861859012105302,0.17457781283183896,6.249479948093178
0.25755039072276437,-0.07444591576616721,-1.9187712152990415,3.1356649370098126
-0.026513875449216878,0.06023020994102644,2.463242112485286,-3.550153912703627
-0.19236096478112252,0.30154734233361247,-0.03471176970524331,0.4757144954679961
-1.168678037619532,1.1428228145150205,0.7519330326867741,-0.05744830869376831
0.7910319470430469,-0.9093874547947389,1.4027943109360992,-3.1892683197433493
-1.4018510627922809,0.5868570938002703,2.1904556258099785,-4.313116986801876
-0.9905363251306883,-0.5662977296027719,0.09965136508764122,-3.8880960136575475
-0.5034756541161992,-1.5506634310661327,0.06856297480602733,-5.739364423210759
-1.0623037137261049,0.4735924306351816,-0.9194242342338032,0.7467671948677015
1.5499344050175394,-0.7832532923362371,-0.3220615162056756,1.0282070794771332
0.8135172173696698,-1.2308643164339552,0.22745993460412942,-2.2908410099731307
1.307142754282428,-1.6074832345612275,0.1846338585323042,-2.51874045678539
0.25988279424842353,0.7818228717773104,-1.236950710878082,4.763209263469924
-1.3204566130842763,0.5219415656168976,0.29698467323318606,-1.4008408468031162
0.25049285034587654,0.3464482094969757,-0.6800247215784908,2.4232000418273696
0.23225369716100355,0.29307247329868125,-0.7143514180263678,2.3443078410148477
1.8657745111447566,0.4738329209117875,-1.1913034972026486,6.911148161241278
0.6565536086338297,-0.9746816702273214,0.787084603742452,-2.869940051140426
1.158595579007404,-0.8206823183517105,0.9633761292443218,-1.416426333323125
0.4127809269364983,0.82206015999449,1.8967929826539474,0.3608756504928663
-0.2453881160028705,-0.7537361643574896,-0.8895144296255233,-1.4732677585886118
-0.8158102849654383,-0.0771017094141042,0.3411519748166439,-2.3542147572378576
0.27669079933001905,0.8271832490360238,0.01300189187790702,2.89521355534364
1.4535340771573169,-0.2646568332379561,2.720169166589619,-2.006724166459289
0.6256673477650062,-0.8571575564162826,-1.0708924980611123,0.31794609949785096
0.4824724152431853,-0.2234627853258509,0.714000494092092,-0.8097303070675712
0.47323762457354485,-0.07282891265687277,-0.846793718068405,1.988840402389084
-1.5148472246858646,-0.4465149520670211,0.8563987943234723,-5.706770708302838
0.21409374413020396,-1.245738778711988,0.173180925851182,-3.720247267570406
0.3853173797288368,-0.883857436201133,0.1537251059455279,-2.0793658869300935
0.058208718445999896,-1.142970297830623,0.3577873603482833,-3.67368118995757
0.5607845263682344,1.083051243175277,1.053802052034903,2.7918598672882893
-1.377669367957091,-0.9378250399151228,0.5150352672086598,-6.318840344747786
0.5137859509122088,0.5150476863060479,3.852731490654721,-3.1371099997278344
0.570890510693167,1.135565640180599,0.9540017634932023,2.990542247033657
0.651391251305798,-0.3152692446403456,0.7589692204932674,-0.6112275962363815
-0.7728252145375718,-0.23681860674000887,-0.48536354782910346,-1.507828047909235
0.08187413938632256,2.3146585666735087,-1.867265192591748,10.071807457589705
0.6862601903745135,-1.6127158711896517,-0.47193186578943347,-2.831032733688177
1.088950596967366,0.06428001909546277,-1.0777447779293061,4.169164610370863
-0.7153037092599682,0.6795977489346758,-0.7303666317171367,1.7812513252632742
0.21645858958197486,0.045571839903813784,-0.6516003476058171,1.6023372288693525
2.1439440893253257,0.6339190223180112,-2.025142586657607,9.25076157102641
0.18645431476942764,-0.661786464768388,0.852433334796224,-2.9159536287680896
-0.7925207384327007,-0.11473644146689901,0.5049872789804571,-2.566678553889397
0.8657551941701215,-1.2002964070557762,-0.3345012358409484,-1.3535909920808582
-0.4749453111609562,-0.6533292325737119,1.7654542402810969,-5.7547666508234085
0.40498171096095553,-1.2608839543350452,0.9178619470547761,-4.461200007836088
2.1221561970126332,1.0324652605511468,-1.5193699659540134,9.602178549390452
-0.48423407286625136,1.2669111491866227,-0.7076694656187807,3.924769398572092
0.44381942814622843,0.7746340534293368,-0.926930471578083,4.596277875057602
-0.05952535606180008,-3.2412673400690726,-1.0243876413342898,-8.184374191350019
-0.2525681513931603,-1.2477831819648495,1.6324113039316352,-6.892212990982185
-1.4301413779606327,-0.44004448669698376,0.13074057728609134,-4.362168288290839
1.4412732890661155,-1.4358621511794394,1.1631637521549596,-3.3515834261772426
0.010233061019587049,-0.9815086510479509,0.46210347426327075,-3.541243812951168
0.19905969557347003,-0.6002168771587947,0.06980208499001891,-1.5166802392586727
-0.3853135968617602,0.11351734525124804,0.6621306745210467,-1.3813101725489345
1.586016816145352,-1.237815498826849,2.1330333746562666,-3.8273512222332196
-1.9520877995225019,-0.15178509503558332,0.5883172064845765,-5.114060200712843
0.28099186773503265,-0.6226995198205938,-0.20812225035727522,-0.8897589820499182
-0.4930009346588328,-0.5893647569442115,0.8496020970210246,-3.9701448553806484
0.35701548596504734,-0.6929095952606542,0.8995998754332507,-2.7270493516880876
0.30729952087660933,0.8128621188389601,0.6296288419236122,2.166727863914194
-0.8289950109220723,-0.5601810401969696,0.7472936051232618,-4.530162806918681
0.6103702654334648,-0.020901593964148132,0.117327383308782,1.0676002399133835
1.277664895788425,-0.5915713888358299,0.5470973811700379,0.12491764274669512
-0.20219265243389406,-0.2176812032272203,1.09877685198719,-2.5985331365323154
0.8254163489880298,0.8135096360006385,1.305478807154329,2.060183148265741
0.02100384163275905,0.6819529712949639,-0.31026675659345604,2.5894084637679047
0.3241663524884421,-0.13014305436768459,0.09699596499271819,-0.016904559991111595
0.5951570254369136,-0.8182206832334725,2.0923872756854602,-4.345689881237213
-1.006017381499702,-1.2141886127877322,1.1581108735000678,-7.3467065703264485
0.7916626939629359,0.6241198170521551,0.6283455092642799,2.3261849412327007
-0.012246772846914623,-0.8972543714858315,0.07580455819372633,-2.9461418818331495
-0.6771617115121117,0.9751197334177512,-0.14705738150213865,1.7633079598078614
-0.8254971967925115,-0.32138584165299344,0.41293145427562433,-3.2646350746715225
-0.5637245528039747,-0.8222203955664315,0.2436872114919123,-4.080588803086993
0.24496657110872277,-0.5069431753711298,-0.4710383056183228,-0.28544105253324115
0.2320499373576363,-1.4480843414973241,-1.4074637743765552,-1.7438101273178155
-0.718444221252436,-0.21344715171184725,0.3109075655980046,-2.563018159235272
1.475356216949552,0.8576596232020194,-0.1599385299634271,5.688019948434466
-0.01901620790268883,-1.0025293646378088,-0.01851313599238993,-2.9129800930885628
-0.2886586389201383,0.3227185603380895,-0.827230943552323,1.7972255298113056
0.5193465142411723,1.5327389130025777,-0.1087601484568576,5.75169384179071
0.40171172209894146,0.6901439917111125,-0.40122047188583626,3.414469435444493
0.22409248181041677,0.01259240078179486,0.09767609854883172,0.38856878468417017
-0.7730097838554665,0.024510174258942714,0.49799829124544975,-2.255289419776978
1.4511436077950417,0.9592708260852069,2.1531824575115563,2.5363862875120464
-0.7673475628880495,0.8723206367206782,0.18334200573835174,0.881219090950875
2.1898029332176723,-0.8082982853551515,-0.8397218421807761,3.023358164890325
-0.5993926454440222,-2.123895724309807,-0.525755021680761,-6.650009698811056
-0.759132661553698,0.15039378647620763,0.34175597577715944,-1.572449874911578
1.8761708392158862,0.9504238381860503,-0.5769036556624031,7.42781936202731
-0.898414671348358,0.4919191715065057,-1.3202332070206422,1.6503545669316195
1.8314587658543537,1.179440120721287,-0.4691756521047048,7.901244307531678
-1.7131345290908775,1.3538723741654128,-0.11453984525261789,0.6340377018489183
1.2378163119734618,-1.594427658794367,-0.5993750229537729,-1.259093995260195
0.005243699718183166,0.046980593764742055,-0.45006547147924364,0.8306599511765197
0.6228499323474987,-1.0676204293825944,-0.1423794850212935,-1.6992919828761082
0.12029563171189886,0.514438834058749,0.7116148780888898,0.8116404255241144
-1.1246420918378692,-1.5341141707356223,1.277676821898509,-8.870258174486398
0.33231401197959165,-0.7484865365565536,1.551151975522523,-3.860212359090739
0.11567463429285867,1.1792971840638264,0.06751848141010895,3.641198989572154
2.060747924881987,1.7553408424432044,-0.2489641484790735,9.845641677333848
0.9715709509543554,0.6453759495851475,1.3686315575323487,1.6135996723304813
-0.9649234605801045,0.6860514599984393,1.0584244868495878,-1.4692387014633996
-1.7587394864231143,-1.183258512665775,-2.0392321777601006,-4.068688309781799
-0.26940683444455776,0.7175422557959623,1.502357052096028,-0.5964961845818548
0.07409478041977519,1.6286155455712918,-1.3801014582148914,7.151192803612584
-1.7033824393551547,-0.05554769889661878,0.3840654489393073,-4.220268738291329
-0.03269474809409311,-2.0674421000398766,-0.08912003951278841,-6.205253123456238
-1.3044695005048532,0.6696725488300385,0.36659824609684827,-1.1608852605205966
-0.9398797863273552,-0.5138669173366935,-1.0592135218889516,-1.9222042645628843
-0.06267909727317188,0.9551423205012383,-0.9857260463355437,4.3028562060059
0.5040465155178444,-0.5302576183724408,-0.7928728322623442,0.569708704267138
-0.10703035995455783,-1.035242322419374,-0.553649305347182,-2.780012551078629
-1.1978778925888485,1.9647251329163893,0.03526355197172861,3.4080420799516973
-0.6997255079925856,0.213979910734222,-0.11232804969082982,-0.6928735913306576
-0.22096959953322298,0.6141667000434252,0.7575077100473051,0.10117175444677759
-0.5305011476105275,-0.57581824064468,-0.275051697151644,-2.499622135249886
-2.301921164735585,-1.5151910621985523,1.3668742674445247,-11.188786070050318
1.6449677135012837,-0.24903603955637832,0.5765569630557664,1.810855946574606
0.3112501545435361,3.0788808084552377,1.1195749114345768,8.211098814687418
-0.12791759148076653,-0.9555404406004258,-1.6064463202575725,-0.773437363198026
0.2034636358672231,-0.7563507452843033,-1.4222537095976742,0.3168460197951177
-0.6465728842425266,-1.081548003614395,1.6871416350725648,-7.114411262958984
0.8816397569494505,-0.007972641316617372,1.4799441388900259,-0.5500146553023043
0.0773683076476183,-0.8612842013282637,1.5231240772696573,-4.829238371417339
0.5389100436846587,-1.0372461543264564,-0.1903386780836082,-1.9235932391598118
-0.8756182533847572,-1.382799730964336,0.9261775475316414,-7.327894391615929
1.9094166404701305,-1.3985675738191412,0.5629692366905709,-1.2055179465610055
-0.6506425691218269,-0.48712538376469605,-0.5923939242388692,-1.883732770180927
-0.863990769679816,0.04852162794482699,-0.8309501164110378,-0.3775881737033303
0.2704568257798388,-0.05023810944913695,-0.23894804686640975,0.6540467874422032
-0.9075636620415979,-0.5767713305683327,0.755391225825756,-4.617703535358331
0.5009171876243808,-0.977555244798551,0.09933230542922587,-2.2115430092853887
0.751387123371789,-1.6694052811213718,0.543360192379935,-4.242879093806093
-0.6626237589458467,0.5705986685931593,-0.7632591565425169,1.4312155208088873
-1.804882100664519,-1.6275424378831627,0.048084946661381994,-8.639762458705901
0.25972250172148187,-0.9043166251044086,0.6385924587773739,-3.2980720790978904
-1.6615200622689599,-0.06607979864731657,-1.2110161997624567,-1.7548954355247484
-0.6518361078021592,0.047398671316414016,-0.8604133652839524,0.2266750921186501
-0.38455554422982535,1.0062928092144405,-0.5768918695231487,3.1666679523127894
0.8356921120651418,-1.129706854657618,0.5298041779152828,-2.414600395512691
1.4415686206579004,-2.4716445001272893,-0.7968952554704768,-3.284239121266958
0.57707212718054,-0.2030453860429927,0.37114587337130883,-0.12207769667789817
-0.6039851867158206,0.08658978747289992,-0.15567723539207948,-0.747764080357578
1.1677820616598074,0.2544208433012131,0.3376026620752022,2.5144027471987043
-0.4118769661224674,-0.48760622407249354,-0.4325581878196209,-1.5046778323290804
0.39445214237829684,-0.42098448082026296,0.2897748568964129,-1.0283903076914458
2.075400798645439,0.8711247034316923,-0.32602353216784113,7.342580774776627
1.2012139221639448,-0.4080753730215514,-2.038124535177854,4.324683915040893
-1.008086310917404,-1.8707919210258557,-0.35151348404130867,-6.918316138678804
0.0184183791895517,1.6764373122752827,0.32692737376416264,4.534788975295758
-0.21910052880886424,0.8294055811834892,-2.211135309007885,5.437950865402582
0.23561455810856594,0.7708651938869668,-1.4785862457798415,5.229869250201679
1.143754043206929,0.3384964074944141,-0.4152879139008013,3.8641650120549325
0.6327818661062848,2.270692857804396,0.18186625505849516,7.651338898284778
0.24822058630033608,-0.4593608995402441,-0.8498443694647918,0.20512402478635103
0.8303358165442456,-0.8560838259088672,0.07156623721939247,-0.9436579975810659
-0.4776574467651167,0.47897982574639186,0.3336621052869483,-0.20718359502733869
1.0375399442578992,-0.510016398854747,-0.26987493529337125,0.9126111895978218
-0.9787637157823074,-0.4442932600761116,0.3773004930448522,-3.812626632656332
0.7569886166453519,-0.9221653241776254,0.8696059201056602,-2.538410065717671
1.355637858804951,0.41343490322370086,1.876795812558066,1.1789311948623225
-0.773789199103573,-1.244654703311417,-1.7787202489042786,-2.591233149204894
1.496044311489183,0.6543656563540577,-0.05558467091045507,5.166449179737562
0.2799686263198203,-1.1254890472983765,2.4457519796168263,-6.580389496754608
0.1292211819752275,0.10939479460489289,0.725766623898692,-0.5697227019287574
0.4810092317367132,0.22388402427913137,-0.7904744554453119,2.742116274951706
0.4714683571359957,1.8820244964750337,1.3454200461549777,4.653899315650887
1.593186626639397,-0.5112156764311852,-0.9896048202585809,3.2271733132126164
-0.12578692009964815,0.055724912288694604,1.0941915184709485,-1.6805638491077843
-1.6924646297148194,1.5295503194606137,-0.15800789857898942,1.559082913509679
-0.42688106994742003,-1.0121043752601675,-1.6548566718657693,-1.5255943446143265
0.8231705839619146,0.07331796718840389,-1.2899608997410539,3.967958830255735
-1.295078772063616,-0.3357846992901282,1.669021525289393,-5.948720067760481
-0.2595913513636048,-1.5031429531181062,-0.24574306408594432,-4.586434766228037
-0.2727235697476705,-2.6968866429415717,-0.05429486651781221,-8.376484877666233
-0.23093453020867796,0.6962063648134184,1.8489560949453452,-1.312346429162896
1.1265650295477574,-0.26888869055483056,-1.1065259087416703,3.053808036917263
2.5733598032498604,0.05921843401448826,0.013929291912946203,5.2299506246055705
-0.024125087110003277,0.19808476076785494,-0.14436041192394247,0.8346926583452063
-0.5736620068802363,-0.5468589412403921,-0.03275327021599839,-2.8437850061178658
-0.543424771133765,-0.7128457826771644,0.10643022769189683,-3.3092827169031196
-0.2549772174208553,1.5039929885826886,-2.650969808393012,8.115532857895543
1.0915068519224618,1.246085192497629,-2.0733902324081495,9.100874919958434
-0.34268759408034877,-0.37144086599579146,-1.4075116947178212,0.3399448582948101
-0.7778166875908753,-1.1105758454658288,1.7522704434236227,-7.614553910804746
0.9356783931474612,1.2715550949941588,0.7216720640432351,4.51882887860001
-1.1290517712172292,-0.5245202662797737,0.48937456122791806,-4.44076429258599
-1.2221278088919454,0.7129984301723881,-0.24032539815813503,0.1331626703610091
-0.3748208075495975,0.7109599682034915,0.44426331148603976,0.7129413703444653
-0.3609661658190799,1.159329803364248,-1.0810633275998973,4.335861115277841
0.6159356069442637,0.5931012579683838,-0.3095464393139903,3.272913859453526
0.326133022242118,-1.251113576385303,0.924027019206901,-4.594200455350468
-0.18490213644298903,-0.5227230205190395,1.0490092258368893,-3.320345264484458
-0.7043436905427592,-1.4084612963635597,-1.5566291735239037,-3.4271730669905884
0.6060099513456396,-1.280429352496283,1.7547941819843647,-5.242511445652009
-2.081929407883722,1.6964563682900382,0.2110174672026184,0.7097284856182631
-0.09671311187039239,-0.5449190868089497,0.39913611435207086,-2.5523799224959696
-0.037634702424848364,1.1033018820165215,0.11422764866203965,3.081765815684917
0.1503017614618776,-0.36361221221385587,-0.056945623721067457,-0.6110231243851457
0.3078017688920592,-1.7101683926566256,-1.348185422105713,-2.491373574836463
0.743264094022715,0.17086543812794186,-0.18398333635267913,2.561939812524951
0.01843393306539316,0.34758170536167105,-0.5397596803093615,1.7223925767920223
-0.7783047254023127,0.19584525509768155,-0.978372777615032,0.6043583338993552
0.40825275571447184,-1.7025836042378404,1.0291556373256436,-5.852258931012688
0.472597482413043,0.25602973431387566,0.9826909839455139,0.3164397073331095
1.6654744444625766,1.0143700650181304,-1.8408742313316453,9.179501146146936
-1.2795769667357015,-0.6248185776956788,0.026091050210833786,-4.54606186158569
0.517659020469123,-0.7257438131534656,0.18676676447707832,-1.3991639059918344
-0.7553829323533225,-0.6115178029919482,-1.4066610968482223,-1.4211177735499854
-0.9232332461109043,-1.3516846056163336,-0.9758732529773327,-4.377385679547671
1.0536417966078395,-0.949398888831943,2.632382064837391,-4.659670323937184
0.4933179008808892,0.1848361236948739,-0.8583577801812136,2.892546859982531
0.7003098794089914,-0.5756378262377739,0.12200981464536144,-0.4034966093546662
2.5600845382687947,-0.09605989972464987,1.1492733262856758,3.1448413719560975
-0.7031764251258874,-0.0349884904969617,1.77080063563551,-4.152710333216097
-0.6269670577877674,1.8124485579969287,0.7077519354554754,3.033676821565909
-0.5624667758942676,0.632407739055521,0.9725544496267299,-0.7577640854269724
0.6218099622171964,-1.5702247198904564,-0.7271371758248686,-2.2576750094819404
-0.24751863555150475,-0.07443342910004629,0.620672097550678,-1.5057121641585676
0.17770100093325383,-1.3353443587101013,0.3801978510059632,-4.244738894403947
0.6105857452838231,0.5597904479310398,1.0807807255546218,1.2839720207541605
0.8339221545489041,0.4591800792284367,-0.07016571145864703,3.060171676471712
-1.6609609335159914,0.42961821913258585,0.20768768716311115,-2.227323055852148
0.27157883719537346,-1.2767485758203094,-1.0810565404082624,-1.5989615600886105
1.0531528533329035,-0.03955515385665504,0.6815006973726244,1.1595109426832801
0.028318376130461172,0.02975613949574519,0.9382838059759977,-1.3493528459338124
-0.5160447282173739,0.09612077694098337,-0.4622752887050425,-0.08811498245605567
-0.4344962274323156,-0.30917212346863937,0.22213377163371284,-2.1065648904685617
-0.4787486216634773,1.2557561255735208,-0.8946073022195039,4.216331040495441
-0.18687164416135904,-0.4397310582741749,1.4469778843537329,-3.8849700534306058
0.19655477651157463,1.0318445394686349,-1.485560373036972,5.629687621939142
0.26705026586925884,0.889630795623437,0.08228398927542419,3.1677076875880497
1.0654803750653512,-0.5172884501003722,1.40934744018558,-1.4628122241942256
2.2988981236192503,-0.36283856043965906,-0.4455025214007718,4.0859069379643085
1.453384477117701,1.5795721457307124,-0.5228600271532683,8.56531971226799
-0.42018681709585726,-0.2817846088605072,-1.344450511034277,0.4479681766978397
-0.9186519464841982,-1.0041407667520679,-0.7677975651041284,-3.6846001958436285
-0.03468488738678118,0.23421473253652075,1.5505004928140769,-1.6845165301475116
-0.998354040738791,0.9843223984765838,-0.21398884422550896,1.3326481574020235
-0.04946370965243295,0.6748194921666038,-1.1227220215622986,3.5234437825127674
0.3824097461840506,0.1664522082130561,0.4924512640081491,0.5285023689114542
0.2891686439078181,2.4553001399108942,-0.637739984251316,8.685609329464373
-0.5309969550018176,-0.6231405264247644,-0.5554771191602547,-2.0105542459872527
-0.6373871273065177,1.1890165311075518,1.4205042479898549,0.00536964448065172
-0.5707462937494763,-0.8323555731042287,0.4714155563864041,-4.1953406585483455
-0.5522230442809712,0.6329318177555108,0.2029230208512997,0.45695282403099524
-1.515744114997232,1.5475052013300616,1.7958776730955217,-1.103955833840679
-0.6127886904843862,-0.38770155993598415,0.28586539072490497,-2.880253537472533
0.334456789987025,0.6585442726728304,2.0102045387663496,-0.39956429754919087
-0.1769472274940494,-0.7982972445384537,-1.3793192280145272,-0.5379542120668654
-0.7309300399419191,-0.033126972873797095,1.7945578635177877,-4.501858659435419
-0.5176112990361714,0.2237879516388985,-0.016422896072752075,-0.21152786043770047
1.188393273448084,2.5269324258736217,-0.5308687729203206,10.787689332007686
-0.48943944251822213,1.044160877069072,0.6818914896263114,1.010064346945583
1.8467073257360336,0.5839281853259639,-0.35929209078705954,5.876606104325624
0.5906548306923093,1.1087035805829077,0.820482181197364,3.444336434058116
0.5072740311072977,1.066674689589154,1.1692955904456728,2.3660780573192755
1.3821589910375272,0.6487098875896427,-0.16711808031685435,4.845789714259668
0.14671368643332283,1.2065089665083568,-0.8169356709872361,5.252089233109043
0.3686733088729012,-0.3933388123273607,0.028744822934817487,-0.4519317660099145
1.2784518626072987,0.19109906801990334,0.04643654815614881,2.9667535493864445
-1.3598561409799192,0.7462535660272207,0.6454841811410754,-1.427515358049328
2.16325472330546,-0.30777823495300083,0.21915032766393897,2.971873981891982
0.24938368371075526,1.5774532797634744,-0.0952955323869521,5.484152645134622
0.27902152577033923,0.6078965097165392,0.1866091231563581,2.2079559924430723
-0.44643361455052827,0.19408999289830758,1.073631749859772,-1.8678442553135974
-1.0265152994110602,0.132969674146876,-0.7001208149391732,-0.567774247848031
1.1950466289248425,-1.5231869047837747,-0.5589218472715883,-1.164965873107519
0.37721187506452086,1.5655240292343404,-0.0657502610729878,5.549589862180367
-0.5551995266931984,1.8811570694405901,-1.448013900416244,6.58690559301766
-2.198805956620082,0.4400144500533324,-0.5020542243526112,-2.2795398352680194
-1.0212328171307132,0.7083564472993533,0.24380071377119883,-0.07449265806645336
-0.5640786307367284,-1.2803043986708944,0.8724573282801447,-6.379232399224942
0.650201177958661,-0.09917586377938291,1.8466369960476658,-1.8032270061617242
-1.0700847663261526,-1.5255251709247388,-0.6919080698812444,-5.637238336794509
-0.045586016355497805,0.24333944932269183,-0.24123605785632987,0.9953099171410007
0.3520553965142968,-1.251539424190444,1.4437646040732595,-5.3143847436903595
-0.0821511783925688,1.1172958315881276,0.34272534637770413,2.7856829040357365
0.4567532191537839,0.5697672802322039,0.44770856001731496,2.183249511179933
0.6427227598675439,1.3291525301324314,0.19652116970147013,4.997734501482568
0.7090037575885123,-0.08973569428722672,1.4401172154494728,-1.1017822198324647
-0.6763923020592697,1.8009404329108156,-0.04015795064434341,3.9553775680750753
-1.4307751021180481,0.12810441491078928,-0.6810516574748808,-1.429861875169289
0.8406435489887241,-0.6526239793023909,-0.4461834332147797,0.5030780442240708
-1.889540730945531,-0.4523063192490767,-2.4238793266289567,-1.452664655045319
-1.5839028234857233,0.7604146561442974,0.7858001586508322,-2.065502300606688
0.42545756178496474,-0.966976143129213,-0.047711356141979855,-2.03737343678367
-0.0036025390905684044,-1.1583646891925428,1.5033983017671506,-5.8466129616813
0.8773622905756714,-0.22096417382966393,0.02688583899453078,1.134978433803043
0.20838280794755248,-2.0417348684242906,-0.24717738252059693,-5.246295753458313
-0.6819842479977986,-1.0016200098949155,-0.2811002928859549,-4.101751065020484
1.7976865268495226,0.6408428612670098,-0.5711789897827968,6.533654019992337
0.5725827813561586,1.3993554365860021,0.9246336829127688,4.013688470190571
0.05963036992017413,-0.6469367777055739,0.6982233136135899,-2.7289250991821787
0.3934853854217496,0.8951932200277323,0.6351718016819695,2.3855799535552307
1.0495527153193351,-0.535235211560568,1.3173940656343257,-1.6192737180360661
0.19759960469239965,2.0752608726252655,-0.6891878180895679,7.639866623418218
1.7359638031652493,0.1979107834626478,-0.6514180036144483,5.093065404829634
-0.48388583405432156,-0.32034730819432017,0.4241659464019164,-2.3854264300017816
0.5228354880354996,-0.573700003938579,-0.02435459226098284,-0.5682892559717505
2.1422703586118637,1.7275431701007113,0.4363236696740321,8.788416595333612
0.03800347816820029,0.1200313267182613,0.6135179727304166,-0.5868129433710297
-1.0227925651984056,-0.2573765374233451,-1.6685840738775894,-0.1918385745785471
0.39922312260527926,0.647195939702741,-0.483186462299374,3.3683432151927715
1.5739867632900328,-1.2257656630023412,-1.4643748802098202,1.8300857133650044
0.22445181855997204,1.0470983026121545,1.6839276914578687,1.0358685428089536
-0.45888426286894,1.0786808334312956,-0.03850846950070721,2.5350948860688525
-0.17262729994081963,0.8836599374866724,0.6523228784134196,1.3951340239641763
-1.5763921569842494,1.4765403497258958,1.3800913541474515,-0.8069998449562351
-0.6255627015095294,0.39580353343740904,0.4940301862827388,-0.8566997193135526
0.2606737658239071,-0.5503051538454201,-0.6716233679380516,-0.15622366571597668
-0.025554070991445278,1.1727290192593647,0.5436001545944323,2.694510353141079
-0.37061433208610595,0.7716987106483447,-2.8485426206300755,5.854397048339707
1.1487657003721035,-1.7397137787780996,-0.36244094140313216,-2.437329664292264
-1.1196698946261439,-1.2946814757209058,1.1608267873785194,-7.8811875385145465
-0.46770120131189136,0.3465038817307158,-0.04692057887918407,0.1823478138590557
0.47704082722312147,0.07682189106025536,-1.2829922241885696,2.8961622544683823
0.99626681944714,-0.4937565831613125,-1.556581898659751,2.891953548878839
-0.4281151609659125,1.5007597906343109,0.8502217421134929,2.272744314329188
-0.3486521344078592,-0.3492577043184288,-0.3216350512173826,-1.3779580452655054
2.076747983560841,0.38193545223155334,0.43004164719106963,4.485505418318666
1.0302834540318422,0.23878915902651351,-0.2590421458207031,2.98610835408749
-0.19634984908497827,-0.07160125941406395,-0.03722223650984159,-0.687214871958615
0.7276295436369798,0.05194588580729943,0.7326400772155792,0.44123453310944005
-0.08071658010858232,0.07863519031609059,-1.9982006845321076,3.2670993512819253
0.9163276747024814,0.3464884758979927,0.9980101098596522,1.3225176447199423
-2.8962553781936893,2.0883747047807275,-0.13958962815517376,0.6997728108143673
1.1081828167375165,-1.0399059271255309,0.6127739050625697,-1.7824648668447811
-1.0534155631736561,-0.6237689606958051,1.9140313538667861,-6.836078520613322
-0.19068240076334658,0.21743287317972287,0.8700677306887542,-1.0419121240932552
0.49568188797260465,0.15041890514357642,0.3649610024662254,0.7756496113166761
2.403415585238275,-0.05761879703358539,0.2010990467149675,4.477418964131263
1.050654396007612,1.1055259329579838,1.1870303055603801,3.818060796912394
0.6387302220291846,-1.1430049127304835,1.633431532301096,-4.769967461996994
-1.146345393018688,0.30263546523903323,-0.7542758500193579,-0.3557734743798774
-0.06413834659299254,0.3287624103034804,0.32135721545027307,0.3479936803113459
0.42192075423528475,1.613711269058647,0.45353430151397983,4.9082200838845225
-0.24415663529064868,0.9640871682883573,1.1894704889246406,0.6703390562424
-1.2276078151369925,0.597400069849858,0.7011727423108983,-1.7876017544314196
-0.29756350335999193,1.3757068133116195,-0.15005558703252672,3.973582420544324
0.12557645347154225,-0.1730718242838696,0.015579047581467534,-0.172376277846366
-1.0962750868952018,-1.4400508825942944,1.5945050632249722,-8.883203013347522
-0.8469613483183278,-0.9913923494563072,-2.153390113603715,-1.3353159482680317
-0.6389617476895022,-1.3230897934074983,1.642015160136369,-7.5996255733703215
1.0098170893426341,-0.6881503451777238,2.2524358053443088,-3.4798653136701905
0.9817654869915943,-0.32483138350862245,-2.499405714873573,4.656523671313485
2.2909425725907417,-1.389572466763596,-1.6453987469568918,2.889080171622998
1.0225704320096403,2.439752406339273,1.3842728185105182,7.374152467721115
0.5639091200523596,0.594754341665286,0.8534155587803077,1.6458639667954573
0.7589285897867651,0.2811914239693758,0.10420110395187607,2.047430147334744
-0.06259312789952241,-0.7539645888666763,-0.28067507686677406,-2.046349851493997
-1.6929568141953855,-0.09833962679474989,-0.9885911071509175,-2.205443134408082
-1.103589317215771,0.17989415115347845,1.3920022863445993,-3.7630661709205886
0.918316606002313,-1.570500603623177,-0.9896281365703375,-1.1931721763304173
0.9407711879882159,-0.9824873935383096,-0.2246331499970246,-0.8675688738828602
0.5500520990245519,-0.9683444548636353,0.1053755061459599,-1.9124335015771545
-1.3340254949182044,-0.6013676439512137,0.31978193414253697,-4.802915512071027
-1.5929937335316693,0.440474737960399,-0.019637798926681216,-1.6079615802498404
0.5524899544171478,0.22391413406466143,1.3641404299738442,-0.30992807625088253
0.12522450264790727,-0.429405541125253,0.12229750303228377,-1.1720709273563499
0.5432980290363879,0.04886007032570433,0.04059169120388238,1.2292647679639301
-0.7019916878067554,-0.6629009175509482,-1.4026052717996935,-1.2692300474114857
1.7495767431869393,-1.243863235391285,-0.6929051977959073,0.7970370567699541
-0.7184072655691974,0.8949243769444413,-0.2949496782920278,1.733980656082975
1.2477420726737338,-0.6734906242438685,0.27899416222380197,-0.19670357924180962
-0.8353470532597573,2.1451491277733883,-1.1875984190295128,6.614357854351183
0.3098207102270275,0.6337768809320985,0.41379909745149823,1.9128912074392999
-0.1852876588777083,-0.12982069973342616,0.0438114719791096,-0.8480021146021861
-0.14700200162848862,0.9638791167949097,2.2105230015913513,-0.5134649356873192
-0.5574917850078336,-1.3698029795790778,-0.08828204835125482,-5.159462838105074
2.5797093376543185,-0.8036745679697308,1.6391168054440675,0.24941216432684038
1.6777008140764407,-0.5535882417079946,0.5689830791852754,1.0403176144714579
1.628396623128538,-0.3791277409874871,-0.20358036010236177,2.341574432963172
-0.5816809139486437,-1.0147567306928669,-0.6492775450660071,-3.2887272306705313
-1.2239402667622565,0.03408346825922607,-0.7699732310586418,-1.2053728245019573
0.2337859117907477,-1.5558956462036273,0.33088023221445706,-4.6123620151381175
0.8335289616089246,-1.9937356425714554,0.37405656984757213,-4.854453608532543
1.2276689924732922,-1.2096410186912054,1.6725723868377034,-3.8117061860988133
0.4190190093660452,-0.7050118557584089,-0.05576907765770601,-1.246560788369296
0.5583269125217224,0.0760053914124115,0.5387559924463692,0.4758005672899043
-0.9206735930793662,0.169360824036078,-1.4137144969049802,0.7795849267846672
-0.11122606134870032,-0.9039076414647897,-0.7355299425897666,-1.788295767344137
1.2360931752104374,1.091310120594269,0.609138120907177,4.874230106431714
-1.092312764672579,-0.3164084496948019,1.2130976999791834,-5.131098603803179
0.14171691363990474,2.319329539981694,0.39331783939437187,6.75783978688942
0.1920491164900316,-0.3091164642025014,0.1335409047822823,-0.718305632201202
-0.1524698363805439,0.7081086766885905,0.9567023167945841,0.5227860868721979
-0.7859894605079495,-1.331232953557778,-1.8362053731032966,-2.7669498893052213
0.5079913269125437,-1.1033666061738736,-2.152890592952483,1.0453510205057668
0.3885786045309641,2.4929995174327906,-0.006070911539893324,8.311916659815152
0.8384907744516419,0.08182935854756501,-0.09888965319114267,2.205426679952968
0.9190764829877686,-0.29027454418865134,0.26739231407190295,0.6184659259035066
0.3216978061960136,-0.6680904536430488,0.9920423495365228,-2.858730797486194
-0.17495975669540864,-0.7557451594928447,0.5365098435704035,-3.194676285180268
-0.8984679817910373,0.028181157369128247,-0.009118996644203544,-1.6098102842803952
1.085895565831578,0.4746982328799528,-0.025026958745143917,3.690800710521172
0.8177662992002871,1.3902075490173134,0.5578103063518622,4.841809344270887
0.010352619843380607,-1.3118362323501596,-1.0651136630753726,-2.4459637244970125
-0.30522470435466764,-0.6095122021592831,-0.186971302985446,-2.1292575124948305
0.056649924897107164,0.5296927543567308,-0.07049877805909122,1.822678399729868
0.4865016438262019,0.06447441481012024,-1.9754665663538713,4.068214125112739
-0.9393353938187543,-0.14408755572161547,-1.2096947428411076,-0.4822930705794879
0.5999287299962045,1.5307508323436974,1.2187618516973167,4.122829872281886
-0.213442870930208,1.490726136849952,0.14866745720211155,3.891831730341302
-0.33708597111803934,-0.6134026635409398,-0.30246968648812833,-2.1747762541019795
-0.38817681854122876,0.1704162223754877,0.1605739810498646,-0.5171168242450856
0.0030460201534144695,0.43693816974634986,1.1906462747863413,-0.5495595107188895
0.9495541354413237,-1.4848979684499035,-2.553921134901955,1.236526076245013
0.9343199112392737,-1.366878698415421,-0.22476540189268354,-1.9362097364916546
-1.1701130260593595,-1.8019804375800197,0.541462728204788,-8.60612601542636
0.7591551603026468,-0.5765104007267194,-2.59104229214491,3.549829019445161
-0.5462444482524828,0.3918040054025465,-1.4789115687741288,2.288525004712048
0.18335991977915564,-0.015309849172995557,0.5792914996010884,-0.6042077210470389
0.11958036841415326,-0.9730689408815555,1.1965715016644913,-4.767848207313324
-0.15852957302697002,-0.02730453950993186,-0.933267959073196,1.2062263764762247
-0.4432822511915103,-0.8848027140269009,-0.172946059923423,-3.172676589156922
1.7117084801423434,-1.3719011429313563,-1.6135613978767411,1.6904255558132304
1.4711703274936085,-0.20932367715186612,-0.6690727386599166,3.319860636495553
1.0399046873960764,-0.6056155397368641,1.8260097135469362,-2.5932172494706
0.6779258713392691,-0.48791140814570266,2.1573082132655035,-3.1742725138757386
-0.6057149230033384,0.742095372009307,0.2992925804064919,0.7556462688888175
1.301741289398798,1.5615111967268527,0.032004149065766624,7.255679318204157
-0.7534178703461835,0.4599721429391164,-0.6777153697521061,0.9920068071716761
2.013387247526623,0.13653533108273744,-0.3653215513121087,5.001891493163014
0.1846803058649084,-1.3471262895296965,-0.9716140385106515,-2.348269742980888
1.2004139079444254,-0.6568942789713957,-1.0469109826819396,1.959329116101207
0.5366527525272862,1.185704154662997,0.7189533106650667,3.565180799723159
0.9960476858058164,-0.7567950885694608,-1.4218106667418438,1.8089713341416715
1.5013336519554867,-0.32267983884213575,-0.25083301645504735,2.3890119843236337
1.328194141849058,0.5562300094006599,0.45588777208160763,3.6321066980267727
2.165002344901084,-0.643518230380143,0.9278401280812372,0.9996019567533369
0.0570131248970845,0.26859227886325693,1.5284684264125317,-1.3676737041851095
0.5078357562896237,0.538296079049633,1.0725073373098022,0.9157382371237828
-0.3649527295428853,-0.8392096673390064,-1.0448091940210336,-1.752022284984033
-1.9663565893760018,2.056207129940322,-1.1032083657216831,3.7622623330814906
-0.221253623585772,-0.27681329988892067,0.30740669780910074,-1.636275638583337
0.8157372125392968,0.8604734883597454,-0.5830774385689385,4.876946353827204
-0.1671217137864115,0.28257995048829965,-0.24869112618354708,1.0018921474990892
1.6073455760199926,0.49097495163825133,0.7348777860498175,3.7239342676062974
0.6628812686674127,1.173473857485325,0.18102155870370695,4.5444337130369785
-1.2968319479558466,0.3996879517526416,-0.651356893791829,-0.6778784087487547
-0.5286166817497568,0.5863640187550933,1.2382830714336357,-1.1916969705814162
0.02127157673606165,0.3088330125989638,1.702214944635238,-1.590698641812724
0.24075317948856828,2.601683114180395,0.5655096456315442,7.337231411078115
-1.7607627591558177,0.7533416211045325,0.38115838488277776,-1.8847600717030288
1.2897527540827456,0.6731813512699584,-0.13845598398377382,4.9597530578373625
-1.2242982362893657,-0.20902325728602528,-0.8505204542093001,-1.733392846892683
-0.5805234498047227,0.5885784044206096,1.6699045043514062,-1.9926248543125358
0.3946715298229811,-1.1958830620351844,0.4446026682201407,-3.624970045749345
1.196631486645651,-0.6097829043193822,-0.1340171666729177,0.7322382785815549
0.014688194729197093,-0.78489831308224,0.648280433843859,-3.319084878489158
-0.12094814860778157,0.41953244390702776,-0.8874921778021001,2.397559219945002
-0.43745830032341043,0.7223813578277714,-0.372833152091767,1.7979455297173776
1.7269638512334051,-0.39963618561460235,0.22468472575188592,1.9691420145313607
0.9325908318730899,-1.4183657329330317,-1.7608088119807759,0.4448130869242708
-1.5256563145700948,1.262584103427182,-0.5518581458924467,1.6457770022244533
2.5581992856682523,-0.5642475986573886,0.18455130319703697,3.142019969835706
1.5421099525678756,2.006092888159123,2.061503576636398,5.991928157553193
1.2083662305931424,1.0240625258114624,0.5925269492011831,4.56446230140091
0.7783610761666377,-0.5511857163285334,-0.8181988834223072,1.2485274197263505
-0.0033744574109520514,-0.17018462252492844,-0.4532280493272752,0.099807946999093
0.6963874474567153,0.9553052085705107,0.08840688629184736,4.13060246208719
1.4775300810552618,-1.141689114133505,-0.19365945927971812,-0.17439820118230595
-0.7168223206028049,-1.86653661707306,-0.08268068584269925,-6.959411882941894
-0.12174750838328353,1.513449743242131,0.6308116845547775,3.21339013133925
-1.024186824329205,1.8540925663341883,1.221033695525353,1.7146509574178928
0.5820977034686158,-0.22648409884983192,-0.9594392367234797,1.917801568287417
-0.372206776071053,1.088748619704186,1.884586305934609,-0.2550231049878046
1.543243528272189,-0.4888494217862741,-1.1196174332890112,3.2460049104751554
0.14088624691120394,-1.7684393655628516,0.32316771418478146,-5.3862150442620145
-0.14760258629866868,-0.46603650186824225,-1.5947030672667954,0.6110625445769444
0.5136001065697166,-0.5327008396619114,-1.169916835710288,1.3551769761209203
-2.8722622132816493,-0.027514905050636255,1.772251596669744,-8.66021018770265
1.66125921454787,-0.45709625658627184,-0.6022120603617805,2.898024756335284
0.46877425607502377,-0.9983854391882915,0.30179189981946597,-2.462752586891364
0.7660802783846903,1.2269332238843076,-0.10015407647995278,5.283635636348145
-0.20367375017696587,-0.877982586756561,-0.82688035403986,-1.7585353357777238
-0.22647889190152676,0.3673655068161781,0.9135846262332494,-0.5932863357283775
-0.8031789506803448,1.4926885689595217,-0.2711236010425688,3.0567113231463225
-0.021367294348436157,-0.7472116791478234,-2.4242402602729416,1.4022652450181512
0.8840453963610497,0.7368438970924334,-0.2813275571182134,4.151286737643711
0.06699071722487192,0.5159392177040995,-1.5625458568865427,3.9290513925395354
-0.5290526773462948,0.7942646796218271,-1.2542894231692494,3.36903945541686
0.2935579321666293,-1.356581804623405,0.46642998243352635,-4.240452726526453
-0.03564148229748357,-1.6151318159055095,1.1647393544571714,-6.781175440438151
-0.7345915767980492,-0.810252437014381,0.20056919723094285,-4.220588033384124
1.1486373494287152,-1.015821818978397,0.06167984984797165,-0.6359198990333628
0.42881650033057295,0.6931056072631441,0.1764415552772252,2.4891192648141374
-0.3670278390833223,-0.8275902206487197,0.08614388304637476,-3.4511731558463006
-1.072139011985607,-2.9213504834946074,0.4365598041576678,-11.413426012373575
0.9039348410861953,-2.3629324355418384,-1.0097307047099375,-3.5805613330344457
0.6191542610051978,2.0574954697116987,0.020793707675407894,7.369261247203352
-0.7280029412291344,-0.18289644110484016,1.3748764191481848,-4.190915104747731
-0.6459641791245353,-0.7991920066502536,-0.4827435221820324,-2.755804744745867
-0.9533286082587124,0.12267031599479553,1.6246784584695606,-3.8162197170624594
0.3230792731160291,-0.2523535021262876,-0.2918112689155441,0.3947096420027348
-1.563190808696657,0.883109777147159,-0.07783719701280203,-0.4415367253263763
-0.18047991359062565,3.193107567844861,0.29875290836568624,8.765330579720999
-0.7517910500951843,-0.4263575962055433,1.1484457091967548,-4.521359460706614
0.11327041053776446,-1.4382779783173667,0.9192289345752035,-5.434051385277818
-0.668144085538994,1.8732977762175456,1.0800480657146485,2.80863320281581
-0.4473218956587512,1.281016361735113,0.0678555105274033,2.9345637322104716
0.8527736751222195,0.48473281729447476,-0.8463566549908735,4.321543176915698
-0.643549832317462,1.0299608175811612,-0.33477533210654087,2.442595431270325
-0.4036484632419967,-0.955122579349353,0.42359906559346105,-4.276750048920929
2.062524919243145,-1.0675329142542729,0.02421945667275807,0.9548284903002261
1.4122205554154292,-0.07964139124571515,0.4523717962497339,2.0536133286469727
-1.0623935281468797,0.4283070972076486,-0.18714426500454878,-0.6703073921153455
0.985729995679863,1.1873860515647512,2.589563642018614,1.6456901251554121
0.5796331732135757,0.32579631658216646,0.19438430157733602,1.7919333886717252
-0.35316629281068834,0.33848384346169114,-0.29540141013902943,0.5954351174356951
0.1684609762696143,1.3175975356079597,-1.0065425652796411,5.834199405043061
1.1398785611290454,1.3171150673398653,-0.11806852699107874,6.659360769922746
-2.1218548990085946,-0.6078219870944325,1.2969945465611092,-8.196675353592726
-0.022868062298882122,-0.9993022322949108,-0.5047749212282174,-2.2897085007451174
0.840620026504553,0.5467335682013793,-0.23893209916969432,3.743893199875263
-0.36682441181468756,-0.3917581490438219,-0.9224101844985025,-0.5130001738474685
1.6153756894694418,-0.3223204692113399,1.2171585208254965,0.4267393848150454
1.5213160519224513,0.9983108981479604,-0.4316203127180484,6.555073631021274
0.40373009033660945,-0.024195606390916165,-0.9037018607301281,2.113704826889679
0.324359281721603,-1.1790397911598025,1.1876793884615637,-4.74559629043014
-0.4646172972983931,0.2011596558728393,0.28328787154614216,-0.9696796047953368
-0.25890497370407733,0.5866938014752747,-0.47490365662252443,2.0740861640028294
0.8712972974572442,-1.3459796802467485,0.12637957954641182,-2.3890752331611704
1.9389289990582848,-1.0003313246055747,-0.6777449705248515,1.8986475777722305
0.513907849658915,0.17958178193959795,0.3506300992735592,1.0635233650468552
0.4891871301476635,0.6347214685617699,1.1096998419562232,1.3254207043178579
0.40981865692851255,-0.24125765461854246,0.6725737012027313,-0.8905622361248909
1.8998819348952156,-0.13263374638257355,-0.9745293046706415,4.954058343124804
1.1070806692869728,-0.12038116395359824,-2.172669546014036,5.082273945646819
0.8474216771504216,-0.5353281859539227,-0.09053328230416077,0.3558570937527108
0.33198033056901455,0.1904996797790664,0.7094518171390395,0.20336054735993753
-0.43548637056984335,0.5131057981760827,-0.2595466775839172,1.0770698641250245
0.738810480887503,0.6153674840130534,-0.9354387020445953,4.5998753580098555
1.0859821161750323,-0.535963445114048,0.8080577982811451,-0.6193172149836264
0.36728731340134063,1.8381836767951225,-0.22346598237185214,6.501129138996382
-0.3493167961181975,-0.01941960588773261,-0.30317978283427544,-0.3659510083010291
0.7999419019420501,-1.616310608436588,-1.053682419146354,-1.7500619555377452
-1.067802921579193,0.9503075919735757,1.7106133725819253,-1.9572266193004693
-0.1044492185374715,-0.16882172319001063,0.07005216311318138,-0.6079647110130508
1.1618783026081905,-0.9273531341905741,0.23836898273478513,-0.6827223652586785
0.9751976297824297,0.5010941699398452,0.1895816165987434,3.361342094700706
1.0010460925671412,-2.703232292999237,0.6778753195309076,-7.246707175115347
-0.6540756831274238,-1.830632896856457,0.5112025995249807,-7.5597285811206
1.3736585451629577,-0.13744851462769186,0.9528745472029388,0.776308963118022
1.6122782579886454,1.3149144535840473,1.639964529371393,4.639783594952637
0.7421274910718922,0.0754336389015928,-1.6019658118971685,4.0216919183526585
-0.24606248812994858,-0.8432465953161917,2.1709427174978138,-6.1543204378110365
-0.1758858124323366,0.12320480678448567,0.5514853760404675,-0.8490082363820934
0.043602446372453724,1.695051040430753,-0.622649361734452,6.213169990008246
0.1946074552372427,-0.7424705856980482,-1.3200225112207058,0.2022490091702513
-0.6117690909052854,-0.03703679704841202,-0.42930222451725997,-0.460331360969438
-0.692420979873856,-1.4063174636718339,-0.08310557262869477,-5.627080414134143
-1.5047203740310022,0.7600559636896026,0.08243975293450329,-0.7270091624162718
-1.4575514994649306,-0.30920907704986345,-0.7521564055905832,-2.5998515346535043
0.31917451041918043,1.3404504460231446,-1.8751724696457446,7.375121179573709
0.11502607914741717,-0.1601327955666404,0.6713400764504657,-1.1566430094334692
0.21319662823768915,-0.7519693317388191,-0.31905393566661816,-1.317319338938529
-0.796025856803489,1.0760071385985983,0.02131164867194222,1.581254603185563
1.9011906857530074,-0.060660813814620775,-0.7084067669104628,4.6006155317306465
-1.5137143926128271,-1.803139676255945,-1.5841359430054898,-6.132554844630174
0.2671266510114834,0.5087250232299338,-1.5811907020321334,4.6371956343395615
0.8950383140761154,-0.4830610516834395,0.14679301198554937,0.12077223701933663
1.6122206282554243,0.8968393158655319,-0.2685306479058323,6.3959681761193385
-0.8911922254152874,-2.151815401329305,-0.7191533192424201,-7.238190614121615
-0.21113023882769444,-0.987179527151184,-0.13125696709230472,-3.2648989030926474
0.07685188295876821,-0.22485598180807856,-0.6500025808234597,0.5623381726534846
0.16865467196672768,0.44194064956940904,-1.090399077442846,3.163772287650798
1.41093237974627,-0.09858813228426173,0.018849622944847662,2.4563045514319564
0.7082144232565571,0.23321613126350166,0.9531366339132451,0.689775030540975
0.2871241652018242,-0.6124373746404379,0.36150352520610163,-1.7941818211428124
-1.1437262073206618,0.10855970577652314,-0.0332299906444608,-1.9298376398466786
-0.2081168572725397,-0.12853751143893075,-1.881849045497639,2.0605092974941797
-0.5487249077409615,0.09284490114111471,0.15985639199740037,-0.9894141244728982
-1.0276751409259581,1.2657078408647007,-0.8661748482145009,3.11449926760987
0.9694572005267368,0.42719436187168486,-0.646227309843803,4.09125807056745
1.775310892609512,-1.19363683175648,0.9191541736100015,-1.4374354802582978
1.0005823180429783,-0.6706202090766449,1.3924653000643288,-1.9799176550527777
-0.2500465145989528,0.28869362927985703,0.2603218387712207,0.06496981924222175
-0.1343087414705478,0.8108082731597821,0.793488720552213,0.836288310561825
-1.7485319732381808,1.3043402428781525,-1.6624919880356743,2.944842754246828
1.0325462043416573,1.1267051368275833,-1.0909664302151982,6.883834939551381
-0.4108142879545848,-1.1057046684859357,-0.21492103028873533,-3.811667545727836
-0.30803428418574125,0.7796605322693398,1.3103087461196083,-0.052773389068278
1.395683810789956,-0.5621680265783021,-0.20922187374452778,1.3239070807348987
-1.6834381922209503,-0.8058700664961888,0.9648516330974576,-7.315196338125812
1.6155828235482317,-1.234348871879922,-0.5924642591528942,0.49321839834332437
-0.02640575695892703,0.2801611588196068,-0.8096035199216461,1.8477970909024708
0.4240610444640897,-0.47383934707091613,-0.014452270878279104,-0.6149930489556542
0.5462842480036996,0.0064222698109378164,-0.4363858905265686,1.826058254988241
-0.10960980392583083,-0.08836295920533532,-0.3700110298821277,0.007279474586583595
-0.25879606266710237,1.598647170504717,0.5609194479412387,3.413373215546991
-0.29548031802916036,0.6969544045107356,-0.33381948975600995,2.0750503831394047
1.1731246375866413,0.3696421921980939,-0.10730214400422888,3.6582836761275637
0.4477169258102776,-1.5708761520684993,-1.1267674689098053,-2.1003615615906948
-1.1939250063990554,0.14294309476370676,1.732514999485092,-4.591705455661632
2.2313001461926323,0.6380511014407572,0.5008444749444569,5.662492995817746
-1.801057734152739,-0.5426737997340217,-0.7877837519082389,-4.06083450765516
-0.620847598251116,-0.1681438185847896,-0.47209057769712737,-0.9922102247183314
-1.9792998103757877,0.7479102561175338,-1.0727430257398065,-0.15544751630106218
0.23924686411114954,2.0740826697499735,-0.9193845915864234,8.061561727413899
-2.5302875227463297,-0.2860042218801108,1.100959634998571,-7.66902294288605
1.9583474542205939,-1.2295495944524168,0.4966992232365217,-0.5205034707714692
-0.46531045678005334,-0.10594835430413566,2.6443433470170348,-5.29608108336095
-1.5029703283951532,0.25373966149457344,0.4676931717654332,-3.0576660749709355
1.0857863249393471,0.09798315347089544,0.3080505395041023,2.029312415820766
-0.3916485674217911,0.26912694124510733,-0.3431922754974105,0.5601460797236215
0.6215718898560508,-0.36961033604363397,0.37710039390218647,-0.35305044577722267
-0.029262813684978354,1.1260502507721681,-0.05139372358848624,3.3536031533717674
-1.7730324682068814,1.2619215007139917,-0.9057323008626189,1.639103301705816
-0.6537663386488198,-0.5956612940434921,1.3744380931708173,-5.101093941956975
-2.1356742139786955,3.1377485336599937,1.0560568090660518,3.6022893402066707
0.22323891412915967,-0.05489400061628639,0.28555407485765694,-0.22910065415723946
0.5211224283793383,0.645215585950057,0.5556044660034485,2.1594212638307937
0.08958068125524882,-0.1973384203073261,-0.1512732836535117,-0.14952994332574698
-0.194908280352681,1.1337700968670645,0.5935567222808619,2.121876493165333
-2.9403886346642802,0.655900776529761,0.19473619471877485,-4.413826997654549
-0.018708756445897416,-0.38851845308888583,1.1241127199860135,-2.8730929897401243
0.9475264621228578,-0.7728776678236091,0.4070522871245351,-0.8129054059721902
-0.971656734541286,-1.3796181647889305,-0.6267172245899651,-5.178096053440114
0.8623934723827588,0.9531250453760867,0.513085420097293,3.7417262409623055
0.7250957868479971,0.5161782871149584,-0.6414815952229522,3.9982836838464375
0.43192254467394064,0.8004095252276823,0.7542913298135743,2.164874491357224
1.188913371474643,0.7083038472010638,0.3514482075415829,4.0948394897817435
1.0701502383164274,-0.026521259249060063,-0.8818746512277178,3.2577618601363625
-0.16306696394376388,-0.7449026448064491,-0.6751782749743815,-1.4749364245878036
-0.14451867071551783,-0.7924199209999613,-0.3079615296390403,-2.1453126038472123
-1.8936146669537857,0.21329370737293857,0.0012054753622242368,-3.163371078526146
-0.8170886310681906,0.6592456684324051,0.9375701376265584,-1.0289267314868344
-1.6075598643689741,-0.7627247785662142,-0.7691423497872982,-4.246634791595809
-0.9399031011088647,0.8294748419317485,-0.19382613877280352,0.9865890697395663
-0.26451484131061076,-2.0038623644067535,0.6354180302092264,-7.608045752362694
-1.2392583948534726,0.05993263026632825,0.2773769379581917,-2.6327684871696997
1.360658595838651,-1.308820399119112,-3.0195121558208253,3.317655367547952
0.18384954475369486,1.8005111815108537,1.2389463529394373,3.9181005144323464
0.20965941527462578,-0.49163618563204736,0.8071225966373103,-2.2589539222026866
-0.9735461997044687,0.47635776935621926,0.5054701591666269,-1.2912486289700458
1.0602099074988798,2.7596600389110777,0.39241596717876703,9.92994673067355
-0.5089636257074988,-0.025574312191994436,-1.7690759048891183,1.5505918733577753
-0.6947131310890582,-0.409282438113104,-0.5240883979345925,-1.9430955924538567
0.152354872033722,-0.8224199323822006,1.1210306673244714,-3.8834490396628376
0.00020706491819709385,-0.009300321138614417,-0.32789471651291785,0.4822247128709753
0.15519068385897913,0.8250982646676347,-0.8671302157109003,4.209292963716918
-0.6581164890752567,-0.30372602877666466,-1.345870923473215,-0.14829521077580146
-0.8192578597214978,-0.47622087354465903,0.8743891807127275,-4.463815639020768
0.26256132900192497,0.19358991136754436,0.8508979621679722,0.07806444052241401
-0.13737178839939665,0.3904648499288896,-0.10322175293249623,1.0779611334844177
0.26536234939962844,-0.5827586576115821,-2.438817158276429,2.5682135371790555
-0.13427916218630415,1.42274813609994,0.9262154022415924,2.5951915372071
0.9653974845911707,1.2361307218062179,0.08865759096143744,5.559536672629384
0.1973157074055956,-0.6176518954343502,-0.31607285602704976,-0.9002681369994443
0.6157711497711416,1.2038844371688162,-0.13944627568099954,5.1741844957456555
-0.4501892648514116,0.0005279588565972928,0.6012067489291149,-1.6948679459888811
-1.4438548161335418,-2.296180953137238,-0.5505368494915835,-8.863227517434126
-1.2207124259141586,-0.5081401976473109,-0.14778031881747153,-3.7756836396634537
-0.4532484090230134,1.4524675344707454,0.32674476460232005,2.903614034267123
0.30047435961082836,0.6222071440434019,-1.1388331177807691,4.209080579055436
1.0391117874202687,-0.07576428653545988,0.6704806172412126,0.9385225966064458
-1.0718572330401555,-1.5537587660160643,0.8178896580250287,-8.054097321243708
0.3764095260975166,-0.9020515543575104,-0.8696630812746944,-0.5423237923940177
1.1254347844147694,-1.1894118928673278,1.6426729532559634,-3.636113865107772
-0.9006207346478687,0.638391925608383,-0.3286184757489846,0.5152299292455463
0.6031874310823431,-0.5441140021141926,-0.1627929060722942,-0.2654698554490783
0.04091917539572113,-1.0021874557814727,0.7408243454201259,-4.049998040573699
-0.5132135664715852,-0.22859991534001858,-0.9943493746085122,-0.18994155023153822
-2.5623336587953105,-0.19102776260016902,2.412615421612916,-9.369130439187208
0.7846042878980238,-0.01926037973439464,-0.2628908292082677,2.04098394829198
0.02246589281204638,0.54711911517521,-1.1808128153088449,3.499915040264835
1.114321694668872,0.7153813154412441,0.7181857257079345,3.301453451923649
0.4384757388097273,0.019616657693989903,0.6728612359668199,-0.21708135563565834
0.591814133741378,-0.3540407109410238,-0.573601772896901,0.8503272123622854
0.1018562952619867,1.5490201514951873,-1.2391070756539009,6.737534583518567
-1.46752526575244,0.16476084123651674,0.05088770185601806,-2.730359123194841
0.1733416643704082,0.24395319790850026,-0.22320225463480511,1.514610045382932
1.4898634386020821,-1.6009039784765156,-0.828497024780246,-0.5960549054922454
-0.10325476014904739,-1.6431888111541673,-0.17585440443207118,-4.547985050153017
1.6614701657280182,0.020886488295961788,0.23070090571868349,3.2703400628275077
-1.2601647651725802,-0.6163614080394775,-0.375196380323937,-3.824764090902439
-0.31771509675623405,1.2816437950037687,0.5576910607251245,2.3623309001580197
-1.111457956937032,0.24650477843200488,0.49822174849678513,-2.131176049923024
1.1401490385212665,1.5805406865683735,-1.0150941918278686,8.714878685481258
-0.8108575112103382,-1.2575778589146163,-0.23401985910698136,-5.207221716247655
0.4663583744463345,0.9873345165891019,-0.07595102364252276,3.8300092875882896
-0.31984752325484395,0.15175799224874037,-0.835142901630023,1.0060898021261295
2.0895387216947734,-1.6076610271180587,0.18474057889572446,-0.8627427479908291
2.0236062192296393,0.006799844559997769,-0.19003903500149447,4.4023578836922725
-0.3574454228104272,-0.18039168176240783,1.3728484746765302,-3.208361457424488
-2.211861911329507,1.5334337012963255,-1.423957152450145,2.19254325706865
-0.2666523292344148,-0.42924442029866183,0.5885532697707198,-2.9354822103177822
-1.5981243518837476,0.46217266608194285,2.0243096232868525,-4.760393720921731
-1.3631740045928105,0.18970616761039566,-0.6619821777966091,-1.2470758669560438
0.42588720619303577,0.01914777741575206,-0.6414869090443096,1.6695993217609284
0.487872284871074,1.804348109786743,-0.19090379172729868,6.689650961289264
0.7197579421481819,-1.2932729578711637,-0.9564363768180087,-0.9263308552682465
0.47240627788037737,1.484116028535965,0.35561334878566,4.851534904978032
-0.31305803052315434,-0.0007085945766459172,-1.2504077339697175,1.2015849175600808
0.6045153263553668,0.8823330623234091,-0.45209033283308037,4.51822911571599
-0.4700421477595015,0.2658782296520485,-0.4367197360405955,0.47557172125795744
-0.06613261462582246,2.0997217891665154,-0.24702570074599667,6.402633978172879
-0.3583401520212222,-0.6475418056351592,0.7441919714999368,-3.8470617458968706
-0.181224173218103,-0.649373038321426,1.321304032273012,-4.2403955193086205
1.4196030045136372,-0.6004235657387051,-1.8665399513606162,3.8699130929897336
1.0075136898369221,-0.684629825760004,0.7906255991627686,-1.2079945157536385
-1.9701038177118355,0.8925973382993092,-1.2111719292807812,0.45482742521009034
0.7307641190665245,0.014273067836434106,-0.9539394193966448,2.917106254523752
-0.4070363129267805,0.6863184569567008,0.10589445311523424,0.8683345606994046
0.5844129804724842,1.9764405845154855,-1.5642416117110514,9.462357798446542
1.617212574968624,0.10435593752321293,-0.8987840483231282,5.038554805772936
-1.3303136257389898,-0.1891203907770335,0.9216501119244593,-4.75787680489998
-0.12754912037753421,1.5111549302473475,-1.4511756900515589,6.396537317732537
-0.01208894784605456,-1.252393444413119,0.3636318826249679,-4.293895374997905
0.8868873900973003,-0.42076179368105326,-2.6042138566271342,4.54309444753489
0.19894814679649453,0.4367385517335095,0.40429475496169764,1.056847354720956
1.235782191822154,-1.0710536796490489,0.6802161054504494,-1.8311458464051018
1.192507512477975,-1.7785875840065168,0.31965182591897723,-3.6271177801836747
-0.5041798310076715,-0.08152267310164589,0.34767648353833636,-1.7640985936969746
-0.4872285641135523,-0.6757080791616118,0.0341524174880246,-2.8486023879296027
-1.0872459388628026,-1.0858251288851855,0.6793732829565033,-6.423291342619449
-1.148794035158656,0.6663125009092119,0.4625912928539512,-0.9947654047889746
-1.7258067287905967,-0.6775646523356551,1.1941094030473725,-7.2432632880825185
-0.9811655311396816,-0.46440426230938764,0.4620608932518965,-4.049744389480232
0.7833905092825955,-0.2515388860444957,-0.5975101946916416,1.6271282152431532
1.4223698616985077,1.7388996637975789,0.9788580507817954,6.675479630184829
0.08531814256502405,-0.8082657216409264,-0.8304444065565653,-0.9859181176467079
0.5225141052657575,0.4183982208886837,1.4015985929464294,0.19958630897128807
0.6504500925361392,-1.503080301759818,1.0519476177229186,-4.883798749519379
-0.9980606273144129,-0.3839712719523516,0.2502002062516945,-3.392984586669946
1.9956674897839644,3.109918556005361,0.6067230591361827,12.477476333413048
-0.18319661872038787,0.5345056484805503,0.8876554258738361,-0.14965151454660927
-0.3206676255571917,1.7952113559123222,0.23007075919140207,4.499375163203674
0.49774308909139425,0.6659242520544614,0.4215866106144557,2.3111219345859686
0.8389405004696122,-0.6172531865469232,-0.5583017539460305,0.5853737229663969
-1.100154232971695,0.4395012306202264,0.7789365035121141,-2.1261798410989106
0.4577728661518858,1.6744924333475373,-0.005596018829046555,5.770310205281144
0.6687416555925126,-1.0917008761393143,-0.387099702474401,-1.3098155254794956
0.6955377575657775,0.849102110743144,-0.29396694766418224,4.196217781023425
-0.07159925185806683,-1.5178737466808094,-0.3570292008066094,-4.284120325675224
0.8903831635197862,0.5752050161065663,0.5006657213812097,2.547823992379603
0.04977368718096008,0.007063158628176452,-0.6603211394734471,1.1026115901775309
0.6988284202025348,0.4209729443893898,0.49201884799279927,1.9075153555568531
-0.5260348426675804,-2.1533429198712444,1.0971527117536957,-9.190497133898074
-0.47883745600840416,-0.8627757640431206,0.6934789119139937,-4.690478341484218
-0.3920126399191296,1.0599363840466218,0.6170059495766975,1.3530515725928964
0.6835693232004776,-1.3659557112005343,1.2119439853864005,-4.502207478925591
0.26125053123385605,-0.36927713924620315,0.14338846734225108,-0.8554682494551227
-1.77623523289832,0.40865281148067084,-1.0293715081820716,-0.7508189369279057
-1.3526702858435344,-1.5223591862178911,1.1126883749899252,-9.029975561438054
-0.6292633936927887,1.5337277099164992,-0.5358014630522978,4.164464811219474
-1.7073579575929467,-1.1165244399486591,1.2358116200069387,-8.487678861310672
-0.15589817793666752,-0.5482872964906009,0.1600182258527877,-2.138069004085041
0.501782736167545,1.1173988159024608,1.4484992298929262,2.1417716933814352
-0.35976864578908574,-1.3260476860820383,-0.413465161123276,-4.051762711103779
0.26028050658288615,-0.9637589262106109,-0.9571509148950429,-0.9590559105765174
0.34378788154988543,-0.04865235157045115,0.03279699541158651,0.49321123374051046
-0.7584953347000695,-0.23040071420576733,-0.9242331442683044,-0.8544042008298346
0.8901984111247868,1.0352493347237526,-1.8461878622380938,7.638993099189432
-0.92951086019241,-1.496529255090079,-0.6500239344068982,-5.352364248737293
-0.08343796979036086,-1.44964521969853,-0.9218598131253132,-3.2323577489465376
-1.0039573720814985,0.20726732939894396,0.06934433703625043,-1.5917171442195384
-0.7217375533372533,0.17682087213939798,-0.5466800845872654,-0.23184661875853577
-0.2716551103260533,1.673452090298537,1.340461051790348,2.306327362107612
-1.2995812369275976,0.8297324178791745,0.8113965544915921,-1.448788321177108
-1.1482632887526183,0.8187776437548606,1.5379319184125528,-2.1311452731790714
-1.1225448062444139,-0.9175028210142636,1.0176614668435024,-6.61336902734606
0.271495310825648,0.5514762752395233,0.3405892164004968,1.73789706919223
0.39069592092814415,-1.326472128311083,1.0473177066214483,-4.765529728133877
1.1695899924277735,-0.22939074406802776,-0.04347694981386243,1.519372756028452
-1.5311075025557221,0.5142547560178349,0.5720574417141441,-2.3120393412069866
-0.062191016999311004,1.1243533598705027,-0.3340772309799405,3.8308737566419677
0.5646059258936003,-1.0196643386921156,-0.02355215087423812,-1.9938392054612741
-0.17435425790283585,0.22530792204094158,-0.3695269288333586,0.9235247978566902
-0.1314725956716678,0.8260471714415063,-0.43676423723821745,2.7846928550975893
-1.6065771007386793,1.7495839042054206,1.3814540786904865,-0.026816569221993394
-1.2922626951056186,0.6897078052451944,-0.5029747705513431,0.11261034065586392
0.26348721533105957,0.2942241290134937,-0.234407800316322,1.5819478729236256
-0.7837656655863965,-0.6905410523162594,-0.9161919154812425,-2.3031483338610044
-0.8318222082304447,-0.06717829004935526,-0.7157599891107518,-0.8039121975703111
0.6820520657126199,1.4872461553359273,-0.580053241370043,6.656154490126625
0.23940450053537707,0.49968511030293383,0.4720022709192744,1.1514578697783882
0.07595526791608741,0.7426824183597224,0.4822489526806572,1.6165944556772422
-1.2376624223272978,0.8691560643892732,0.8872908372667421,-1.171863432128816
-0.7632861041785816,0.03793783544760203,0.6833289928110694,-2.4422414942432145
-0.20931381957936157,1.0729780477660118,2.3638724946193608,-0.7272521347298073
-0.7859860326349823,-1.3810446031537749,0.30381859560487573,-6.237845288184027
0.7215625051261435,-0.23086637384476896,1.4532606633210343,-1.3121933147919556
-1.3386057997232488,0.6929186230316111,-0.6058608207588934,0.192718167131198
1.7193779062072967,1.9925153531681183,-0.7666565877833479,10.615042783302643
-0.5495571359085801,0.8595878869798019,-0.3871306497895146,2.1785344731025136
-0.04541121793223822,0.02538842054241018,-1.9196731561976563,2.912943369334128
-0.01383774609423725,-0.6897277740641738,-0.493122822399772,-1.3774270034878207
1.4436320034688142,-1.2565068942792563,0.8132051867479773,-2.1548941606884044
-0.2789629303318085,-0.2797601684958344,0.7903718960517113,-2.4791554451240616
0.34005129456889044,0.570612997219531,0.9681846605328611,0.7973670974709148
-0.33130838318332273,-0.6122367345077503,-1.085150526557798,-0.9686136060911635
-0.8254105299789551,2.9490944253087252,1.2446795807367868,5.2896870683139126
-1.3510743662080213,-1.3224579567435701,0.4818660617184915,-7.268556319473291
0.547264797377967,0.5488838353173644,-0.25495579355369785,3.1615915546426634
-0.12545426000290022,0.3278795241593574,0.08589300629333041,0.5070859671812515
-2.219300372747535,-0.22979963057519381,-0.8514064342603136,-3.8819207563686713
0.17521141890851205,2.98525900260341,0.3674816654743044,8.693545033006169
-0.3135296861723979,0.9218015019772522,0.4826878872092127,1.3433344035497883
0.4200944904518413,0.606850593215671,2.0565435648295414,-0.3261856308379383
-1.1308884353259157,0.47363207681145447,-0.9263811299815384,0.41151674182848924
0.5555126463422483,-0.9186865114860944,-0.4173668136050844,-0.8581059357927225
-0.2950899142379063,0.975816719344709,0.9184544439424138,1.0424116326631556
-1.2457173764463845,0.054934110999848726,-0.7095798547491726,-1.1531764707090941
-1.2585049106753345,-0.21701705042437042,-0.3084827884558197,-2.7516307411425767
2.4267164863455224,0.43295982536069616,-1.3776175007542373,8.20374462799658
-0.5647740041709423,1.0213832954293984,2.088442772869925,-1.341377462811048
-1.5859833122379583,-1.879924385139045,1.8709651753717822,-11.670653783657405
0.38961417737090387,-0.8682927318763665,0.5346290861224353,-2.578227985306629
-2.6357477390168778,0.003375506597160999,0.32782117284308526,-5.62349441132876
0.9242701395378298,-1.0138959522925377,0.08568716140335904,-1.4323940015872372
-0.9254246260595873,0.2553837556743171,-0.8953463223630241,0.22177090474978634
-0.4081008391602206,-0.9958153947902291,0.651136241823657,-4.795482147449866
0.8584511166566653,-0.2346205699574138,0.03823799496002834,0.8161046107817982
-1.4485914146335441,-0.29967664800678706,-0.05020461704174478,-3.661770923548992
2.620793091029975,-1.1119670257741636,1.4641772387524374,-0.3629797865654578
0.996858773465808,0.2806364044901364,1.7586204841951334,0.17815699899162285
0.3721054726068629,0.3891591956679287,-0.053120653017545344,1.9461745745526422
1.2235688824186275,1.0964692338108837,-0.6256772874962124,6.596127546942257
-1.3192471945987674,-0.20298063739565708,-0.8000385643976464,-2.0480829533360922
-0.0635245746153551,1.2374381346841392,-0.45730165508679,4.249656779595091
-0.04282338131157488,0.058022734808395225,0.8484308822052846,-1.2214106697337577
-2.246889333984605,-0.6067002947652967,0.21128369227947272,-6.703651252852344
1.2000789564268612,-0.49190244750620515,-1.876552706041874,3.7712320964762136
0.6197114459661363,-0.6353623888256293,-1.1896666590903613,1.2831974409401548
-0.6243453897132241,-0.18452535765584954,-0.6047446645382127,-0.8811611323027647
-2.205566057099069,0.8970661968871322,1.2748750412787222,-3.532634263963712
0.6515219913395057,-1.1376856704248166,-0.20149153394751798,-1.9467979201895078
-0.006521315229458062,0.5987943895619102,0.6683404887180808,0.7966059490790703
-0.7341737987784958,0.08199555641356042,0.4572804046152411,-2.0180183671362784
1.4558223221467665,0.7045065398247231,0.7890566873755189,3.6938867399512345
0.08382662792936094,1.4104591452035038,0.4097627959594974,3.7104493567840837
-0.8610879101735704,1.4033699701251907,0.6979032725390276,1.5602691146612473
-0.4430440211284823,-0.47949296739924335,0.2965755451407618,-2.674428679298873
0.4631847952675847,0.19729226563120644,0.3113086734428849,1.0755838494699015
1.6999573745763805,1.0715431522348857,0.19063559126502433,6.175320762970889
0.9413105807674833,-1.0325239035275395,0.39792704994680894,-1.8314691891066592
1.80930634973311,-0.21804589539237385,-0.8476339286190848,4.2660959071079
-0.6520888885930607,-1.0896330373423884,-0.7847619081277034,-3.3783804040638716
-0.370508098590029,-1.405567019178642,0.015618333949603047,-5.165524113988464
0.9022771737866472,-0.9077561801469204,1.5192839236417688,-3.2866718631321072
0.5107920885275947,1.0305805856240573,-0.6578345538521371,5.093669988290696
0.8545252270666157,-1.091933900395313,0.8902475008365087,-2.8484934073557517
0.17183933979353122,0.5532512199847837,-1.1755946056248516,3.547211465868696
-0.8950698422766047,0.5972282182533848,-0.9483480042242007,1.4078545789952603
0.46320629209912306,-1.3671378064602457,0.8481742126666681,-4.432957277194598
-1.232523314768509,0.5522999376795232,0.6256309336460009,-1.6616320181158284
-0.6967718184295749,0.5820265670847269,0.26044226333355597,0.03115842781844054
-0.5388418561927383,-1.008554684076208,-1.962625691672579,-1.1011520952243512
0.3496500472996937,-1.5648027713620551,0.0953441994413082,-4.218118569318934
-0.2634482160822491,0.6791427754381955,-0.3020454994898642,1.7727999296725536
-0.3294477863470914,0.7318707042882956,0.3350580290841175,0.9948242208383877
0.3161559571827783,0.46926758980852623,-1.5355721232071058,4.443636051122651
0.756788679986982,0.6124687940136023,-1.0166831285764972,5.01535388763196
-0.2440804736742013,-0.039307287627631186,-0.1344967844017327,-0.33328272339891857
0.33385996656853467,1.4313667818311835,1.0817667276728287,3.382104269401551
-1.3122191934314063,0.6220699903060487,1.3289333195354096,-2.7136644304091844
0.38680852068920263,1.090980425185967,2.012270445700765,0.9725407737090799
1.0237095461069814,0.24930859564172886,1.0450884740847535,1.2147061386566569
0.14488783309689118,0.02390304328495547,-0.35141423571373254,1.0555131022018807
1.5634133588321082,-0.8184286659420014,1.532367724678116,-1.7212666677581492
0.49986412374037137,-1.3993061748019415,0.3676492929914216,-3.5881863373412295
-2.100026507651624,0.6255080168310357,0.885231482988991,-3.683579004742833
-0.5923559556520536,0.12354769595558233,1.9541574337502863,-3.612761763153282
-0.5057467042619367,-1.0589075870566005,1.4816634024625988,-6.551392774337327
1.9625871905307948,0.0036956718478473255,1.0114630354083562,2.477657263609062
1.341475915530881,-0.742484232538384,-0.4853058353678683,1.1097808729036505
1.230874513154735,1.6850142787085094,0.5628808601743548,6.530943852981047
-0.8798143535020543,1.9870611116994412,-0.5309708978119645,5.019864379053256
-0.33513778117145177,0.34233783448962146,1.5541604207147741,-1.8735555110866036
0.8539759765522237,0.41486550036191044,0.4632885301181062,2.17312151515367
0.04351466864346608,0.5581395145185063,-2.529560077694303,5.405886401338066
-0.29660745906979835,0.241321934916781,-1.151014083619507,1.8480875356065114
0.38632331781156,-0.20447122098612153,1.75547569831549,-2.4827241076861974
1.5730197252148563,-0.46580556911816284,-0.15083771156669531,2.029711273180717
-0.0739475656083926,-0.4516594761596227,0.19502498402812674,-1.7004515786013945
-0.7582820688875902,-1.1306153349375263,0.6227112239002686,-5.848418496565412
0.6295295842218108,-0.8043157596599924,0.8953554307625996,-2.3113709252008285
-0.6315777291653314,0.2531652380379812,0.820344012612456,-1.7117522886818741
-0.03361256470371301,0.4547409121411344,-0.5164296438875717,2.036999422246645
-0.19646658342809717,-0.20585943088034037,-0.7465783465402389,-0.05180067559713997
-0.1767741631157821,-1.5486182988637467,-0.4911537471421047,-4.288938554141264
-0.28487549336967083,-0.2561797524953801,-0.24149744587077882,-1.0096827699604272
-0.061764199860128925,0.4794415180860639,0.8745170741325226,0.09905102296729706
-0.6497652268482671,-1.2032008553891445,-1.042044412243103,-3.299818039092628
-0.48720292119492714,-0.3519213178165091,-0.7699960661974573,-0.9931126087064576
-1.2961166642498945,-0.4561208274741882,0.18142662011397137,-4.215510302452207
0.5950294658355647,-0.5574230531083212,-0.41299782214343406,0.2044396227342224
-0.9266983088473107,-0.03143917037477642,-0.8484286341908146,-0.5222680415939457
0.5731278132412001,-1.7858664919341112,-0.3596296724524624,-3.5831489438998334
0.3011073391917421,0.18383451632250436,2.6930336639804966,-2.8097476031885997
0.34980002456790754,-1.0040545968420103,-0.09546424708907303,-2.1633587712950892
-1.7762463334664518,-0.08059974929676088,-0.8330560570007587,-2.505876628779703
0.9153902755601617,-0.5495402745955349,-0.11676591579524663,0.4822590910972046
-0.6355578414044034,1.7388513518533313,-0.3212427661179117,4.29402478218009
1.8325570434792018,0.8141517621182666,0.48206672733538614,5.349525349588428
0.3687331473175197,0.39379729821625153,-1.92767257934561,4.733110183426585
-0.2788833941507565,0.8451579711843216,-0.04889718347410554,2.0889682123352222
-1.405189846803575,-0.05240445057746945,1.7041055162554912,-5.400729102157717
1.2468917155347194,-0.062004009366031745,0.9514492770580866,0.8209000587121064
-0.36650702036805183,-1.703871586826719,-0.9244659881295544,-4.6969602557688725
1.5628887685081978,-0.2739930818293042,-0.24338397937501807,2.6276521860885627
-0.29983819627488056,1.904136589573007,1.6259589153620633,2.7651423763279053
2.218780233448134,-0.1590452104000513,0.29562448874709507,3.5707510928704593
-1.5166425494207911,1.4769344261182744,-1.167779551267935,3.1920061311962007
0.2167755637626291,-1.097302527632844,-0.5888668267386961,-2.003055545452678
-0.8372624310497003,-0.6078752606758179,-0.5391227031489786,-2.817369663025365
-0.5482687949250771,0.8333339117803071,-1.10486279306252,3.112287767246994
0.22054142701386686,1.2179591523055584,-0.513196364513396,4.781326676711041
-0.7179188907476018,-0.23052462518025083,1.1797252083607102,-3.6785897962389758
0.1941076309533577,-0.5312142946075985,0.48387665118803974,-1.874191877862688
-1.1022921498364233,0.681359510442948,0.4086073077017676,-0.8314815601520493
-0.3078084711388841,-0.838585798447231,-0.8866809222834573,-1.8624914789331382
0.5348173363459102,1.2289805024890619,-0.6373077470287948,5.703243380040839
0.45838670355148425,-2.0870270186020687,-0.5846177306571996,-4.491331244919614
-0.031058932870901952,-0.9096834169818336,-0.936506374789596,-1.274725176949915
-0.6677795564688862,0.29219272832637316,-0.1873290184063747,-0.1593457833746863
-2.238231233324972,-2.120700152635066,-0.6068651778571754,-10.00142833166023
0.45768658605355206,-2.7475048427252347,-0.4997301761516306,-6.388502023325575
-0.5262478565174211,1.3883377782084478,-0.38502181171286365,3.694981172311819
0.38298898474092846,0.14125714008746323,-2.1305664798072006,4.462483077051937
0.7682072166317373,0.21539650545628794,0.5082686396745896,1.359378339375978
3.9262377064363267,-2.0841129394985884,1.7246966497611085,-0.9505968174903222
-0.28744751940035557,0.2873289044030093,-0.04551224530124217,0.3864710414744995
-0.4242363333980435,-0.5698329282387588,0.32950873557300914,-3.241199484081492
-1.5171736966716791,0.7505791675217656,-0.41619440488525394,0.043209227595883526
-1.1300693390403578,-0.4500128579958137,1.2571492168625729,-5.366836631269762
-0.5353350870162231,0.35845361820962024,-0.7309562757154733,1.0614055625550254
0.7579218499236196,0.6855077387902041,1.8486088332964115,0.6892266922276488
-0.1755639454992155,0.6686548047579066,0.09806753953894455,1.5424913753472271
1.2958717818630143,-0.7188323876087304,0.7450053128772811,-0.6735917984746445
-0.19469729611668168,-0.06418817710849775,0.09175248444837286,-0.684020955375093
0.2522403964266774,-0.11622904312195817,0.21471318317052634,-0.1471183716489003
1.5781180575621845,0.9854496856152184,0.8691545924968965,4.859477382155272
-0.4555395260238707,-0.8892408282283243,0.9553005582377528,-4.867021804150164
0.8760467925297942,1.472670675750982,-0.6039806259692295,7.1328868717792435
-0.22954865536034708,-1.6394841625254342,-0.39247110606087293,-4.893808689096681
0.9965705105794472,-0.46649537922819795,0.6404797952008238,-0.23080852405568994
-0.19050310599781134,0.32405702822156063,-1.1476913898156673,2.4767634137413888
0.08520944963390106,-2.9911359709007233,-0.18689615816198485,-8.207439102740183
-1.6304732437151401,1.205994516546816,0.7774073527645112,-0.921423370260559
0.46667098196608103,1.52100622715938,-0.9489165208248372,6.9440236279625855
1.7473631979155582,0.9321915642603847,-0.23655528721894603,6.43792414912179
1.1356201471829441,-1.1062935124116342,-0.8245141615276735,0.24444591506041663
-0.6085897232397004,-0.5289777080640152,-1.0565576427602528,-1.2740961363477445
1.223083067095325,-0.25885440036983165,0.35250496835687956,1.333190060028331
-0.5703513664136806,-1.8206033005485172,0.2700573583914221,-7.0850601690619035
-1.9122549754197768,-0.06863404608546861,-1.3683150388328105,-2.1468578346434697
1.987275999230808,0.9113627221747217,0.10575379127148042,6.502883104008308
1.2637066776546686,-0.8463159774657358,0.543479378670093,-1.0243024222147237
0.1998104337187135,0.26402008133367,1.2723535001067678,-0.6417391932709836
0.7324921027798023,0.28872366282502326,-1.6548874362282961,4.606978043751487
-0.9600462952794637,-0.12270893359572414,0.09337237427665124,-2.425432194642761
-1.1302037246739238,2.411676675578421,1.5163940552535728,2.492250312521436
0.6021183203924835,0.07203686128374476,-0.21220896990115168,1.7066308990342645
-0.9519184600222356,0.07748051851886253,0.2577525401427507,-1.8936863591215565
-1.2417605754816243,0.33417641724489744,-0.15525904882474875,-1.212038536847854
